caseid,0800,0900,1300,1400,1700,1800
1,1,1,2,2,12,12
2,18,5,5,5,5,18
3,1,1,7,12,12,12
4,11,13,2,2,12,2
5,1,1,5,5,5,5
6,18,5,18,3,12,12
7,1,5,5,5,5,5
8,1,12,2,2,3,12
9,1,5,5,5,17,3
10,18,13,5,5,3,5
11,5,5,5,11,5,11
12,1,1,12,12,2,12
13,6,6,6,6,6,3
14,12,18,1,1,2,12
15,18,5,5,5,5,5
16,11,3,11,3,2,2
17,1,2,12,12,2,11
18,11,5,5,15,5,5
19,1,2,2,7,2,2
20,1,1,12,12,12,12
21,5,5,11,5,12,12
22,12,18,5,5,5,5
23,1,1,12,12,12,12
24,1,1,2,2,12,11
25,1,2,11,13,13,13
26,2,1,5,5,11,2
27,1,1,2,2,7,18
28,5,5,11,5,5,18
29,1,2,2,2,12,2
30,1,1,1,1,12,1
31,1,1,5,5,5,18
32,5,5,5,5,3,1
33,5,5,5,5,5,11
34,5,5,5,5,5,5
35,3,11,8,17,3,3
36,5,5,11,5,11,11
37,1,1,7,18,12,12
38,1,5,5,5,12,2
39,1,2,12,12,17,12
40,18,5,5,5,12,12
41,5,5,11,5,5,1
42,2,3,18,11,18,3
43,18,7,2,3,3,12
44,1,1,2,2,3,2
45,1,1,12,12,5,12
46,5,5,5,5,5,12
47,12,3,1,1,12,13
48,5,5,5,7,2,12
49,1,1,12,12,12,7
17,5,5,11,5,12,12
51,1,5,5,5,18,3
52,5,5,5,5,3,11
53,12,12,18,8,12,12
54,5,5,11,5,18,3
55,12,1,17,17,7,12
56,5,5,11,5,1,2
57,5,5,5,5,2,2
58,11,1,5,5,5,11
59,1,2,12,12,12,12
60,5,5,5,12,11,1
61,5,5,5,5,5,5
62,5,5,5,5,5,5
63,18,5,18,7,3,11
64,12,17,2,2,3,12
65,3,5,11,5,5,5
66,1,1,11,7,3,2
67,18,5,11,5,5,11
68,12,12,11,8,12,12
69,17,9,12,12,18,18
70,1,3,18,12,3,3
71,3,12,6,6,3,3
72,18,2,17,17,3,3
73,5,5,5,5,12,12
74,11,18,14,18,2,11
75,1,5,5,5,18,12
76,17,18,18,18,11,1
77,18,11,5,5,18,18
78,5,5,5,5,12,12
79,1,2,7,2,3,3
80,3,3,3,11,3,11
81,1,11,3,13,12,12
82,5,18,5,5,1,1
83,3,14,11,18,2,3
84,18,12,2,18,3,2
85,17,17,11,2,17,17
86,12,12,2,2,18,12
87,1,1,12,12,17,17
88,1,2,11,1,11,7
89,5,2,5,12,18,1
90,1,2,11,2,13,11
91,1,2,3,3,3,2
92,5,5,5,5,5,12
93,5,5,5,5,12,2
94,1,5,5,11,5,3
95,2,13,3,3,16,2
96,2,2,3,2,3,2
97,3,17,12,11,2,11
98,1,1,13,13,13,18
99,5,5,5,5,5,3
100,3,3,3,18,18,12
101,1,12,2,2,12,11
102,1,1,5,5,5,5
103,5,5,5,18,2,12
104,17,2,18,7,12,2
105,12,14,12,12,2,12
106,2,3,1,7,12,12
107,1,18,18,11,12,12
108,1,1,12,12,12,12
109,5,5,11,5,5,18
110,5,5,5,5,5,5
111,2,11,7,18,2,2
112,18,1,1,18,12,12
113,1,12,12,11,12,12
114,3,2,3,2,3,3
115,5,5,5,5,18,11
116,1,1,2,3,12,12
117,3,2,2,12,13,2
118,3,5,5,5,18,12
119,1,1,1,1,1,1
120,1,13,11,12,12,12
121,18,5,11,5,5,18
122,1,11,3,3,3,11
123,1,11,11,16,2,13
124,1,12,5,5,5,5
125,12,11,12,12,12,2
126,2,5,18,12,12,12
127,17,5,13,2,2,11
128,5,5,5,17,11,3
129,5,5,5,5,2,11
130,1,3,12,3,2,3
131,1,2,11,2,12,2
132,1,1,2,2,2,1
133,5,5,12,5,2,11
134,12,13,1,12,7,2
135,12,18,4,4,12,12
136,5,5,5,5,3,18
137,12,3,5,5,5,5
138,3,5,5,5,5,11
139,1,3,3,3,3,3
140,12,12,16,12,2,2
141,1,1,1,1,12,12
142,1,1,2,18,3,3
143,18,5,5,5,5,18
144,5,5,5,5,2,12
145,1,1,5,5,2,11
146,11,7,1,1,2,18
147,3,3,2,2,3,3
148,1,1,18,7,5,5
149,5,5,12,18,18,12
150,1,1,12,12,12,12
151,1,11,2,2,18,12
152,1,1,4,12,17,12
153,1,11,7,7,12,12
154,5,5,5,11,18,12
155,18,5,5,5,5,18
156,1,1,2,2,2,12
157,13,1,12,12,16,16
158,5,5,5,5,5,5
159,5,5,5,5,5,5
160,7,11,5,5,5,5
161,1,1,11,5,5,12
162,1,2,3,13,12,3
163,1,12,12,12,12,12
164,3,2,12,12,3,3
165,11,1,18,2,3,12
166,2,2,11,1,3,11
167,1,1,12,12,2,3
168,1,1,12,12,16,16
169,1,14,13,7,12,2
170,1,1,3,3,3,3
171,17,1,5,12,12,12
172,1,2,2,2,2,2
173,5,5,5,5,5,12
174,5,5,5,5,3,3
175,11,11,11,11,11,11
176,5,5,5,17,5,18
177,1,11,2,11,12,18
178,2,1,11,12,7,1
179,1,1,3,1,3,3
180,1,1,11,7,7,12
181,12,5,5,5,5,5
182,3,18,12,12,12,2
183,5,5,5,5,18,13
184,1,2,12,1,2,2
185,2,2,2,3,11,3
186,5,5,5,5,5,5
187,18,5,5,5,12,12
188,1,12,2,12,12,12
189,1,1,12,12,12,12
190,1,1,7,7,12,12
191,12,12,12,15,12,12
192,1,1,12,12,2,2
193,1,1,12,1,12,12
194,1,2,3,12,12,11
195,7,11,3,3,1,3
196,1,1,12,12,7,11
197,5,5,5,5,2,2
198,1,1,12,11,12,11
199,1,1,11,2,3,13
200,1,15,11,1,2,12
201,17,5,12,1,2,3
202,18,5,5,12,5,5
203,1,1,12,13,12,13
204,1,12,18,5,5,5
205,1,3,18,11,12,2
206,1,1,12,12,13,1
207,3,3,2,3,12,12
208,1,1,4,4,4,1
209,1,1,12,11,7,7
210,5,5,5,5,13,2
211,1,1,11,18,17,17
212,12,12,1,11,12,2
213,11,18,11,12,7,2
214,1,12,2,1,18,12
215,1,1,12,12,12,12
216,12,12,12,12,12,11
217,3,3,3,3,14,12
218,3,3,2,3,3,3
219,1,1,11,7,1,7
220,1,11,18,11,2,2
221,1,17,3,11,2,3
222,1,1,18,12,12,12
223,1,18,11,5,5,18
224,1,2,12,11,1,1
225,1,2,1,18,12,12
226,12,12,12,12,2,2
227,3,3,11,12,7,18
228,1,12,3,2,12,12
229,1,12,12,12,12,11
230,1,3,15,15,2,18
231,1,12,2,2,12,2
232,1,13,11,12,2,11
233,1,1,2,1,12,12
234,1,2,12,17,12,12
235,1,2,2,2,6,2
236,1,2,12,3,18,3
237,5,5,11,5,2,11
238,18,5,5,5,5,12
239,11,2,2,2,12,12
240,18,5,5,5,5,1
241,5,5,5,5,1,1
242,8,18,18,5,18,8
243,1,12,17,11,18,18
244,1,1,2,12,2,11
245,5,5,5,5,5,5
246,1,1,2,2,2,2
247,5,5,5,5,5,2
248,11,5,5,5,18,2
249,17,17,17,12,2,1
250,3,3,17,2,12,2
251,1,1,5,5,5,5
252,1,5,5,5,5,5
253,5,5,18,5,2,11
254,1,18,5,5,5,18
255,12,12,2,1,1,12
256,5,5,5,5,18,13
257,1,1,6,6,3,3
258,1,11,3,3,11,12
259,1,18,5,5,17,11
260,5,5,5,18,2,2
261,3,3,7,7,12,11
262,1,1,11,12,2,3
263,2,1,12,12,12,11
264,1,1,2,2,2,2
265,3,3,5,5,5,5
266,1,5,11,5,5,5
267,11,2,18,12,5,5
268,1,1,18,3,3,3
269,2,2,2,1,12,14
270,11,2,2,12,2,12
271,1,1,3,12,2,13
272,1,1,2,2,7,12
273,18,5,5,5,18,4
274,5,5,5,5,18,3
275,5,5,18,5,5,2
276,1,2,2,2,2,3
277,1,1,1,12,5,5
278,5,5,5,5,5,1
279,1,1,12,12,2,2
280,1,6,6,6,6,1
281,12,16,7,2,3,3
282,1,1,11,2,2,12
283,2,12,11,12,2,12
284,1,17,17,17,17,11
285,1,1,18,4,4,12
286,12,12,12,12,7,7
287,1,7,3,12,8,18
288,12,12,12,12,12,12
289,1,3,11,11,6,11
290,1,1,5,12,5,5
291,12,5,5,5,5,18
292,1,1,12,12,11,12
293,12,12,2,18,12,12
294,1,1,15,3,18,18
295,5,5,11,5,18,5
296,2,1,5,16,2,2
297,5,5,5,5,12,12
298,1,1,12,12,12,12
299,1,5,5,5,5,5
300,1,1,14,1,5,5
301,1,12,2,12,12,12
302,1,3,11,12,11,12
303,5,5,5,5,5,5
304,18,5,11,5,5,18
305,5,5,5,5,13,18
306,5,5,5,5,5,5
307,2,18,11,12,13,12
308,1,1,9,9,12,12
309,1,1,1,1,6,1
310,5,5,5,5,18,12
311,5,5,5,5,5,18
312,18,5,12,5,5,11
313,1,11,2,2,2,2
314,2,3,3,18,17,2
315,2,2,2,2,12,12
316,5,5,5,5,13,2
317,11,12,11,2,5,5
318,18,5,5,5,5,18
319,3,3,12,3,12,18
320,1,18,5,5,18,18
321,5,5,5,5,12,18
322,1,12,2,14,14,14
323,5,5,5,5,12,12
324,1,1,12,12,12,11
325,18,14,11,12,2,11
326,1,12,8,8,12,12
327,1,5,5,5,5,2
328,1,3,3,3,3,3
329,1,1,1,1,18,5
330,11,2,12,12,12,12
331,1,1,2,12,12,12
332,1,1,1,1,12,12
333,2,2,7,12,12,9
334,5,5,5,5,7,11
335,2,12,3,1,3,3
336,1,1,2,2,2,2
337,2,5,5,5,5,5
338,6,1,12,2,2,11
339,12,18,5,5,5,18
340,18,7,2,2,18,12
341,1,1,12,12,12,12
342,1,2,11,2,12,12
343,1,8,12,12,12,12
344,1,1,12,12,12,12
345,2,2,3,12,12,11
346,1,18,2,11,12,12
347,2,2,2,3,3,3
348,1,1,12,12,6,18
349,1,1,3,18,12,18
350,5,5,5,5,18,2
351,3,5,11,18,2,2
352,5,5,5,5,5,5
353,2,8,4,12,12,11
354,12,18,18,1,18,11
355,12,12,18,2,2,11
356,1,11,18,2,2,2
357,1,5,11,5,5,5
358,5,5,5,5,18,5
359,1,1,2,12,4,2
360,5,5,5,5,5,1
361,5,5,5,5,5,1
362,18,3,11,3,18,18
363,17,18,6,2,7,3
364,5,5,11,5,5,5
365,1,14,12,12,12,12
366,11,3,3,18,1,12
367,18,1,1,1,1,18
368,1,12,5,5,5,5
369,5,5,5,5,12,12
370,5,5,5,5,5,5
371,11,18,7,2,12,11
372,18,11,2,2,7,7
373,18,18,7,7,7,18
374,5,5,5,5,12,12
375,1,12,18,13,13,18
376,18,5,5,5,12,12
377,12,5,5,5,3,11
378,1,1,12,12,7,7
379,1,17,13,15,15,18
380,1,1,12,12,11,1
381,2,1,2,16,2,3
382,5,5,5,11,5,2
383,5,5,5,5,18,3
384,1,1,11,11,1,2
385,5,12,1,1,1,1
386,11,2,12,12,11,2
387,1,1,12,12,18,11
388,1,1,12,3,2,11
389,18,18,18,11,3,18
390,5,5,5,5,5,5
391,1,1,13,18,5,5
392,5,5,5,5,7,18
393,12,2,2,18,12,6
394,1,3,18,12,3,2
395,5,5,5,5,5,5
396,3,3,3,7,12,18
397,11,18,12,11,1,3
398,1,12,12,14,17,17
399,1,17,11,2,2,12
400,5,5,5,5,3,3
401,5,5,5,5,3,3
402,3,13,17,3,3,12
403,5,5,5,11,5,5
404,2,2,18,11,18,12
405,12,5,5,5,18,12
406,5,5,7,1,18,11
407,5,5,5,5,5,13
408,2,5,13,13,18,12
409,3,11,12,2,12,3
410,12,12,18,2,12,12
411,3,3,3,3,12,12
412,3,2,8,8,3,3
413,13,2,7,2,2,12
414,1,1,3,3,3,3
415,5,5,5,5,7,2
416,5,5,5,5,13,12
417,1,1,12,12,12,12
418,5,5,5,5,7,18
419,2,2,2,2,2,2
420,18,5,5,12,15,12
421,12,2,2,12,1,7
422,2,1,4,2,2,1
423,1,1,12,1,12,12
424,1,11,12,12,3,3
425,1,1,2,2,11,18
426,1,12,12,12,12,12
427,2,2,12,2,1,11
428,3,3,3,3,3,3
429,1,1,2,12,11,12
430,5,5,1,5,5,18
431,1,18,6,6,2,11
432,1,5,5,5,7,7
433,1,3,12,3,2,2
434,1,1,5,5,5,5
435,11,18,1,1,12,2
436,3,18,15,2,3,3
437,15,1,12,2,15,15
438,6,6,11,6,6,6
439,5,5,18,5,5,11
440,5,5,5,5,5,18
441,5,5,5,5,5,5
442,5,5,18,5,7,2
443,1,1,2,3,2,3
444,5,5,11,5,7,7
445,1,12,12,12,12,12
446,12,12,12,12,2,12
447,7,2,4,11,18,12
448,1,2,18,1,1,2
449,1,1,13,7,12,12
450,1,18,5,11,5,18
451,3,14,2,2,3,18
452,1,18,13,13,13,13
453,1,1,3,3,18,18
454,5,5,11,5,5,5
455,5,5,5,5,3,3
456,1,2,2,2,17,2
457,11,3,3,18,12,12
458,1,2,2,2,11,12
459,1,3,12,2,3,11
460,1,1,3,2,2,11
461,12,12,13,12,12,2
462,5,5,5,3,7,12
463,3,3,3,13,18,18
464,5,5,5,5,5,5
465,1,5,5,13,13,12
466,11,3,3,3,2,3
467,1,18,5,5,5,5
468,3,12,12,11,12,3
469,5,18,1,1,2,2
470,5,5,11,5,15,15
471,1,1,2,2,12,12
472,1,7,1,1,1,2
473,1,1,2,18,12,12
474,18,5,5,5,5,5
475,1,1,12,12,3,11
476,10,18,18,18,1,1
477,3,5,5,5,12,15
478,7,7,7,7,12,12
479,5,5,5,5,18,1
480,1,1,5,5,5,5
481,1,12,11,12,11,11
482,13,13,13,13,13,18
483,1,1,3,11,13,3
484,5,5,5,5,5,5
485,12,2,12,12,18,12
486,5,5,5,5,2,2
487,18,5,5,18,5,3
488,1,5,7,5,13,11
489,2,2,7,11,3,18
490,11,2,18,5,1,2
491,1,18,9,2,12,12
492,1,1,13,2,2,2
493,5,5,5,5,5,5
494,18,5,5,5,7,2
495,11,2,3,11,7,11
496,1,17,1,17,12,17
497,18,5,5,5,5,3
498,2,2,3,12,2,11
499,1,1,12,12,12,12
500,1,1,3,13,12,2
501,5,5,5,5,5,2
502,4,4,4,4,4,11
503,1,1,13,2,12,12
504,13,13,13,13,13,18
505,3,1,18,7,12,7
506,11,2,2,2,12,12
507,1,2,12,12,13,13
508,1,7,8,18,12,11
509,1,1,18,11,12,2
510,1,2,2,11,2,2
511,15,12,3,18,15,18
512,3,5,5,5,5,18
513,5,5,5,5,5,5
514,12,2,11,2,3,7
515,5,12,5,5,12,2
516,1,2,14,14,18,11
517,2,7,12,12,2,11
518,3,11,13,3,2,11
519,1,11,13,11,2,11
520,1,1,1,3,1,5
521,2,3,12,3,3,12
522,3,5,5,5,18,2
523,2,2,14,12,12,12
524,2,2,2,2,2,2
525,4,4,4,4,12,3
526,3,5,11,5,5,18
527,3,2,7,18,11,3
528,1,11,5,5,5,16
529,5,5,5,5,5,5
530,3,3,18,12,3,2
531,5,5,5,5,5,12
532,18,5,5,11,18,3
533,1,2,13,12,13,11
534,5,5,5,5,5,3
535,5,5,11,2,2,2
536,3,2,1,7,12,11
537,1,18,7,3,3,2
538,1,1,1,1,12,12
539,1,14,13,12,2,3
540,1,1,18,12,12,12
541,2,2,2,1,2,11
542,1,18,12,12,12,12
543,1,1,5,5,12,12
544,1,1,1,1,2,12
545,5,5,5,5,12,11
546,1,12,18,3,3,2
547,3,2,17,2,1,2
548,3,18,12,3,11,18
549,1,1,3,3,2,11
550,5,5,5,5,3,11
551,3,3,3,11,12,12
552,5,5,5,5,18,12
553,1,5,5,5,5,5
554,3,3,3,3,3,3
555,5,5,5,5,5,18
556,4,4,4,4,4,4
557,18,2,1,18,5,5
558,2,13,2,3,2,2
559,1,1,11,12,3,11
560,1,1,12,12,12,12
561,1,1,7,2,12,12
562,1,3,12,12,11,12
563,1,1,1,1,12,12
564,2,2,2,13,18,11
565,1,2,12,12,12,12
566,3,3,3,3,8,12
567,3,3,18,18,2,2
568,14,14,12,12,12,12
569,1,1,18,12,5,5
570,1,11,7,2,2,6
571,11,17,17,12,3,12
572,18,5,11,5,18,3
573,1,1,2,2,5,5
574,6,6,11,6,18,2
575,1,1,5,5,2,13
576,5,5,5,5,12,12
577,2,18,12,12,12,18
578,1,12,13,12,7,7
579,1,1,11,12,12,1
580,1,3,3,7,18,3
581,12,12,12,12,1,1
582,1,2,7,2,2,11
583,1,1,18,12,12,18
584,1,2,18,2,12,3
585,5,5,3,5,18,7
586,18,12,12,18,1,11
587,1,11,12,12,3,12
588,13,18,3,18,1,11
589,1,18,5,11,5,5
590,1,18,5,5,18,13
591,5,5,5,5,5,5
592,1,12,2,2,18,18
593,1,1,2,2,2,12
594,6,11,12,6,6,7
595,1,12,5,5,2,3
596,8,8,11,5,8,8
597,3,2,2,2,3,11
598,1,12,15,15,12,14
599,11,5,11,5,5,2
600,3,5,8,4,11,15
601,1,14,12,18,7,12
602,1,1,11,12,11,12
603,5,1,6,6,6,11
604,12,12,12,12,12,12
605,1,18,5,5,5,8
606,18,18,6,6,11,7
607,1,18,5,5,5,5
608,5,5,5,11,5,5
609,2,2,2,2,1,12
610,1,11,1,14,2,2
611,5,5,5,5,3,3
612,1,2,7,12,18,7
613,5,5,5,5,2,3
614,1,2,12,12,12,12
615,5,5,5,5,3,12
616,1,1,12,12,2,2
617,5,11,5,7,3,3
618,12,11,2,2,18,7
619,5,5,5,18,1,1
620,5,5,5,5,5,15
621,2,3,3,7,12,12
622,1,1,5,5,5,5
623,3,13,13,13,1,11
624,1,1,2,11,1,1
625,2,1,7,12,5,5
626,3,12,18,7,12,12
627,1,1,12,12,12,12
628,1,11,18,7,1,1
629,1,18,2,16,2,12
630,12,12,2,11,12,12
631,5,5,7,7,12,12
632,1,12,13,18,2,2
633,1,1,2,12,12,12
634,12,11,11,12,18,12
635,18,7,18,12,5,5
636,13,13,18,2,12,12
637,12,12,12,18,18,2
638,18,2,12,18,12,12
639,12,2,11,12,2,11
640,5,5,13,13,13,18
641,1,3,2,3,3,12
642,5,5,5,5,15,12
643,18,5,11,7,2,11
644,5,5,5,5,5,5
645,12,5,5,5,5,5
646,1,1,12,12,12,12
647,5,5,5,5,18,15
648,1,18,5,5,7,1
649,11,12,2,13,12,11
650,1,1,2,2,12,12
651,18,5,5,5,11,12
652,1,1,1,1,2,11
653,5,5,5,5,2,3
654,1,1,1,12,12,12
655,1,1,3,3,3,2
656,13,1,1,1,11,12
657,18,1,11,7,3,2
658,17,2,12,12,12,12
659,5,5,5,5,18,11
660,1,1,12,13,12,12
661,1,1,18,18,17,12
662,5,5,5,5,5,5
663,5,5,5,5,18,7
664,1,11,7,7,12,12
665,1,2,5,5,5,5
666,1,2,18,7,3,11
667,5,5,11,11,15,15
668,2,2,3,3,2,8
669,5,5,5,5,11,12
670,3,17,18,11,12,12
671,2,2,12,7,3,3
672,12,17,13,3,3,3
673,5,5,5,5,2,12
674,3,12,1,2,2,3
675,2,3,2,2,2,3
676,1,2,2,1,18,7
677,1,18,5,5,5,5
678,18,12,11,12,1,7
679,5,5,5,5,5,5
680,2,12,5,5,3,13
681,1,1,2,2,11,1
682,11,2,2,2,17,12
683,1,11,7,7,12,12
684,1,2,5,11,5,5
685,2,5,5,5,5,5
686,2,5,11,7,2,11
687,1,1,5,5,5,5
688,2,2,12,12,12,3
689,18,18,7,18,12,18
690,3,14,12,12,2,12
691,18,5,5,5,18,2
692,1,12,5,11,5,5
693,1,12,6,6,2,11
694,1,2,5,5,8,8
695,5,5,5,5,18,2
696,5,5,5,12,12,12
697,18,5,5,5,12,12
698,1,2,12,3,12,2
699,3,5,11,2,18,3
700,5,5,11,5,5,5
701,1,1,18,11,1,2
702,18,5,5,5,5,12
703,18,15,15,15,18,11
704,1,5,11,5,5,2
705,2,5,5,5,5,2
706,1,11,11,12,12,2
707,2,2,12,12,12,12
708,12,12,2,2,11,3
709,1,1,5,5,5,18
710,1,12,7,1,12,12
711,11,18,5,5,2,2
712,1,1,12,3,3,3
713,5,5,5,5,1,12
714,1,18,11,18,7,7
715,5,5,5,5,3,2
716,5,5,5,5,12,12
717,18,5,5,5,5,8
718,2,1,5,5,3,3
719,5,5,5,5,5,5
720,3,1,2,2,11,11
721,5,5,11,5,12,1
722,3,5,5,3,2,3
723,3,2,18,7,3,11
724,12,5,5,5,18,11
725,11,6,3,3,9,2
726,13,13,18,11,12,12
727,5,5,5,5,18,3
728,12,12,18,17,7,17
729,18,5,5,5,12,12
730,12,12,16,15,2,12
731,2,2,11,7,18,7
732,17,5,11,5,5,5
733,2,2,2,11,2,2
734,18,10,12,10,10,12
735,2,2,12,13,18,11
736,1,1,1,1,5,5
737,3,18,12,2,12,13
738,5,5,5,5,5,18
739,1,1,11,12,12,12
740,1,1,1,1,11,2
741,18,14,8,5,5,12
742,3,2,2,3,18,11
743,1,1,5,11,5,1
744,1,1,12,12,12,12
745,5,12,5,5,5,1
746,1,1,1,1,1,12
747,2,1,12,3,3,2
748,5,5,5,5,5,5
749,13,2,12,2,2,12
750,5,3,5,5,2,11
751,1,2,2,11,3,3
752,5,5,5,5,5,5
753,1,1,18,12,12,12
754,1,1,18,5,5,5
755,2,2,2,12,3,14
756,1,1,2,2,5,1
757,1,1,3,7,3,12
758,1,11,18,18,18,18
759,1,1,14,2,16,12
760,1,1,2,2,2,2
761,5,5,5,5,18,11
762,1,1,5,5,5,11
763,6,6,12,12,12,12
764,5,5,5,5,2,12
765,1,1,12,12,12,12
766,5,5,5,5,5,2
767,18,5,5,5,5,3
768,1,1,18,14,7,18
769,1,1,14,12,12,1
770,1,11,11,7,2,3
771,12,2,3,3,2,2
772,1,18,3,12,13,13
773,1,13,7,7,18,12
774,5,5,5,5,5,5
775,1,3,5,5,5,5
776,1,5,13,18,5,18
777,2,2,2,2,2,12
778,2,1,8,11,12,11
779,1,1,2,2,5,5
780,18,2,2,2,1,13
781,5,5,5,5,18,18
782,1,15,11,12,1,11
783,5,5,11,5,2,12
784,2,16,4,12,5,5
785,18,5,7,5,5,18
786,5,5,5,5,3,12
787,1,3,11,2,3,11
788,3,18,5,18,5,18
789,1,1,11,18,2,1
790,1,1,1,12,12,12
791,12,12,12,12,12,12
792,10,10,5,5,5,5
793,11,5,5,5,5,3
794,1,1,13,13,2,2
795,1,1,2,2,3,11
796,5,5,13,11,3,3
797,15,15,15,15,15,15
798,1,1,18,12,12,12
799,5,5,5,5,12,18
800,12,2,7,18,7,18
801,5,5,5,5,5,18
802,3,2,12,3,3,3
803,3,12,2,12,3,11
804,1,12,2,17,18,11
805,1,1,2,12,11,5
806,1,1,12,12,3,12
807,1,1,2,2,3,3
808,5,5,5,5,2,2
809,12,13,13,13,13,13
810,11,2,2,11,2,2
811,18,1,12,1,1,1
812,1,2,3,3,12,11
813,1,1,17,3,18,13
814,18,18,2,18,3,3
815,12,12,2,2,2,2
816,2,3,13,13,2,2
817,17,17,12,3,3,3
818,2,2,11,1,12,18
819,5,5,5,5,5,5
820,5,5,5,5,2,2
821,2,2,1,2,3,3
822,5,5,5,5,13,13
823,5,5,11,5,2,11
824,12,12,11,18,18,2
825,5,5,11,5,8,11
826,3,11,12,12,2,12
827,1,12,12,12,12,12
828,1,1,11,7,12,3
829,1,2,5,11,2,12
830,1,2,12,12,12,12
831,2,2,3,2,12,12
832,2,6,7,2,12,12
833,5,5,5,5,5,2
834,13,5,5,5,3,11
835,1,1,11,2,11,3
836,1,3,2,2,12,11
837,1,1,7,12,11,12
838,1,1,18,7,7,3
839,1,7,1,18,2,3
840,18,4,7,18,12,12
841,3,3,17,5,12,12
842,1,1,12,7,18,12
843,5,5,5,5,3,11
844,18,5,11,5,5,18
845,5,5,5,5,12,12
846,1,1,5,5,11,5
847,5,5,5,5,2,12
848,11,1,11,3,3,3
849,5,5,5,5,5,5
850,1,1,2,7,17,14
851,1,18,12,5,5,18
852,18,5,5,5,5,2
853,13,5,5,5,5,5
854,5,5,5,5,5,5
855,18,1,11,1,5,5
856,11,16,2,12,13,1
857,1,3,11,3,7,18
858,18,5,5,5,5,5
859,5,18,18,5,12,11
860,1,11,2,12,12,12
861,2,2,2,2,12,12
862,18,5,5,5,17,17
863,5,5,5,5,5,5
864,1,5,5,5,8,18
865,1,3,2,2,12,3
866,1,1,12,12,11,12
867,12,5,12,12,11,12
868,1,11,3,11,18,2
869,2,2,11,7,2,2
870,1,1,2,12,18,12
871,2,17,2,3,3,11
872,1,1,5,5,11,11
873,3,5,13,5,5,2
874,13,2,7,7,12,12
875,2,2,2,2,2,2
876,1,1,1,17,12,12
877,2,2,18,13,18,1
878,2,2,2,2,12,12
879,5,5,5,5,3,2
880,5,5,5,5,5,1
881,2,2,13,13,11,11
882,9,7,7,7,11,12
883,2,2,3,3,3,2
884,15,15,12,1,12,11
885,18,5,5,18,3,3
886,5,5,5,5,18,12
887,1,5,5,5,18,3
888,5,5,5,5,5,5
889,1,1,5,5,5,5
890,2,5,5,5,1,11
891,12,12,2,2,2,3
892,1,11,2,1,5,5
893,18,5,11,5,5,5
894,1,11,2,2,7,18
895,1,2,11,2,2,11
896,1,3,5,2,2,3
897,5,5,5,5,5,5
898,11,2,7,3,2,2
899,1,1,1,1,1,3
900,3,3,13,2,13,11
901,2,2,18,2,12,18
902,1,2,3,3,12,2
903,3,1,11,7,2,3
904,1,1,18,15,1,1
905,1,1,7,5,5,5
906,1,1,18,4,4,4
907,2,3,2,2,12,12
908,1,3,5,5,7,3
909,2,1,1,12,12,12
910,5,5,5,5,5,11
911,5,5,5,5,5,18
912,1,1,2,2,12,12
913,1,1,12,12,12,11
914,3,15,15,12,2,2
915,1,2,5,5,5,5
916,1,1,12,12,13,13
917,1,1,1,1,5,12
918,18,3,2,2,2,2
919,1,1,12,12,12,12
920,5,5,5,5,13,13
921,12,12,12,12,12,1
922,17,12,12,12,11,12
923,1,5,5,5,12,12
924,1,3,18,11,12,18
925,1,12,2,3,15,15
926,18,11,12,1,12,12
927,1,1,2,2,2,11
928,1,1,5,5,2,12
929,3,2,2,12,12,2
930,1,11,7,7,13,3
931,3,18,11,12,3,3
932,5,5,5,5,5,12
933,1,18,1,1,12,12
934,12,12,11,13,13,13
935,5,5,7,1,12,13
936,12,5,18,5,3,2
937,1,1,13,13,13,13
938,1,18,5,5,5,5
939,1,1,6,6,12,12
940,12,12,2,2,12,12
941,12,11,12,12,12,12
942,18,5,5,5,5,5
943,1,1,11,12,12,12
944,1,1,2,12,2,2
945,5,5,13,5,5,5
946,2,3,12,12,12,12
947,1,2,1,8,8,8
948,1,1,13,13,2,2
949,1,1,11,12,2,2
950,1,1,13,12,12,12
951,18,4,4,4,4,11
952,1,1,2,2,18,11
953,18,5,5,5,5,5
954,1,1,11,12,11,12
955,1,1,7,18,11,12
956,5,5,5,5,3,7
957,18,2,1,16,2,17
958,1,5,5,11,7,12
959,5,5,5,5,12,12
960,5,5,17,5,5,12
961,1,17,14,1,7,7
962,1,5,5,5,12,18
963,1,12,4,12,2,12
964,7,7,2,2,2,3
965,1,3,5,5,16,5
966,18,11,11,5,5,2
967,5,5,5,5,5,5
968,18,5,5,5,5,12
969,18,5,5,5,5,18
970,1,12,12,16,2,3
971,17,12,6,2,18,11
972,1,1,3,1,11,12
973,12,2,12,12,11,18
974,3,3,12,15,2,2
975,5,5,5,11,3,3
976,5,5,5,1,12,2
977,5,5,5,5,5,5
978,1,16,17,2,2,13
979,12,11,18,12,4,4
980,5,5,5,5,1,13
981,1,1,12,18,5,5
982,1,12,2,18,1,13
983,13,13,11,18,12,12
984,15,14,5,5,5,5
985,1,1,2,2,17,12
986,12,2,17,3,13,3
987,1,18,3,3,3,18
988,5,5,5,5,5,18
989,5,5,5,5,5,12
990,5,5,5,5,3,2
991,1,1,12,12,12,12
992,11,2,17,17,18,7
993,1,1,13,13,11,11
994,2,2,2,2,12,12
995,11,2,18,2,12,11
996,5,5,11,5,12,12
997,2,2,12,12,2,11
998,5,5,5,5,5,5
999,1,1,7,7,2,2
1000,2,5,5,5,5,2
1001,5,5,5,5,12,12
1002,5,5,5,5,1,2
1003,2,5,5,5,5,5
1004,1,5,5,5,5,1
1005,5,5,5,5,5,5
1006,1,2,12,13,13,13
1007,1,1,2,2,2,2
1008,1,12,7,7,18,15
1009,1,1,11,12,2,12
1010,1,3,11,18,3,12
1011,1,2,11,18,2,12
1012,5,5,13,5,5,7
1013,5,5,5,5,5,5
1014,5,5,5,12,5,2
1015,17,17,12,12,3,3
1016,2,4,4,4,4,4
1017,1,1,5,5,5,12
1018,1,1,5,11,5,5
1019,1,1,2,2,2,18
1020,1,11,3,18,7,7
1021,1,5,5,5,18,12
1022,5,5,5,5,12,1
1023,1,1,2,7,7,7
1024,18,18,2,2,2,11
1025,13,12,4,4,12,12
1026,13,13,18,12,12,12
1027,1,1,12,12,12,12
1028,1,2,3,18,7,7
1029,2,5,3,3,11,5
1030,12,12,12,12,2,2
1031,2,2,17,17,12,3
1032,1,1,14,1,17,17
1033,1,5,18,5,5,12
1034,1,1,2,12,2,2
1035,1,1,11,18,18,12
1036,5,5,5,5,5,11
1037,1,5,5,5,7,2
1038,1,1,15,15,11,12
1039,1,11,1,1,12,12
1040,1,1,12,12,12,1
1041,13,13,2,18,1,12
1042,13,5,5,5,5,2
1043,7,2,2,2,2,2
1044,1,1,11,11,18,2
1045,1,2,11,2,2,2
1046,1,1,18,6,12,1
1047,3,2,2,2,2,2
1048,1,18,3,3,3,3
1049,1,5,18,18,18,18
1050,1,1,7,7,7,7
1051,1,11,5,5,5,5
1052,12,13,12,12,2,12
1053,1,1,12,12,12,12
1054,3,12,12,12,11,11
1055,18,5,5,5,18,18
1056,1,1,1,12,5,5
1057,1,3,12,12,3,12
1058,5,5,5,5,5,18
1059,1,1,2,2,2,2
1060,1,12,1,1,1,2
1061,13,13,3,13,2,18
1062,1,18,12,2,2,12
1063,1,12,17,17,5,5
1064,5,18,5,5,5,18
1065,1,1,7,11,18,12
1066,5,5,5,12,2,2
1067,18,5,5,5,5,2
1068,2,2,12,2,12,12
1069,5,5,5,5,5,15
1070,2,3,2,3,2,11
1071,1,1,12,10,2,2
1072,1,5,11,5,12,12
1073,5,5,5,1,1,12
1074,2,2,2,1,12,3
1075,1,2,12,16,12,11
1076,5,5,5,5,18,2
1077,1,1,5,5,5,5
1078,5,5,5,5,11,7
1079,1,1,12,12,2,11
1080,1,18,11,5,5,5
1081,13,5,5,5,5,5
1082,5,5,5,5,12,12
1083,1,2,12,18,2,12
1084,1,1,2,11,4,2
1085,1,5,5,5,5,5
1086,12,12,18,18,12,12
1087,5,5,5,5,16,16
1088,2,7,16,17,2,2
1089,1,1,11,12,18,2
1090,2,5,5,5,2,2
1091,1,2,3,3,1,14
1092,5,5,11,5,15,15
1093,1,5,5,5,5,1
1094,12,12,2,3,3,7
1095,11,1,18,2,13,3
1096,1,1,11,12,13,13
1097,5,5,11,5,5,12
1098,1,1,12,12,12,12
1099,1,1,12,12,12,12
1100,2,2,18,18,2,2
1101,1,3,6,6,17,17
1102,1,1,12,12,12,12
1103,18,14,3,17,12,3
1104,12,12,12,2,12,2
1105,1,2,14,18,12,12
1106,5,5,5,5,1,2
1107,2,2,18,13,3,3
1108,1,1,1,12,12,12
1109,5,5,5,5,2,2
1110,18,5,11,5,18,3
1111,2,5,5,5,5,18
1112,12,12,5,5,2,12
1113,1,1,2,12,1,2
1114,1,14,13,13,12,12
1115,1,12,2,1,12,12
1116,18,5,5,11,5,5
1117,13,18,12,12,12,1
1118,18,5,5,2,2,1
1119,3,7,12,3,12,18
1120,3,12,11,12,12,11
1121,12,1,12,7,12,11
1122,1,1,18,12,12,12
1123,5,5,5,5,18,2
1124,12,12,18,12,1,1
1125,5,5,5,5,5,18
1126,18,5,5,5,5,18
1127,12,12,18,11,2,11
1128,1,1,2,2,2,11
1129,1,1,11,5,5,5
1130,1,1,5,5,5,5
1131,5,5,5,5,18,5
1132,1,12,12,12,12,12
1133,1,11,5,5,5,5
1134,2,3,12,12,12,12
1135,1,12,1,1,1,1
1136,1,12,12,12,13,13
1137,3,11,12,6,17,17
1138,5,5,5,5,13,11
1139,11,6,13,13,6,6
1140,3,11,11,3,2,11
1141,2,1,12,12,12,2
1142,5,5,5,5,2,2
1143,5,5,5,11,5,18
1144,5,5,12,5,2,12
1145,2,13,2,2,2,3
1146,5,5,11,5,5,18
1147,5,5,5,5,12,1
1148,1,1,1,12,12,12
1149,5,5,5,5,5,5
1150,1,11,7,11,12,12
1151,18,13,13,13,11,12
1152,18,5,5,5,18,11
1153,2,3,2,2,3,11
1154,1,5,5,5,5,12
1155,1,1,12,12,2,2
1156,1,1,17,7,2,2
1157,18,5,5,5,2,2
1158,18,18,1,1,1,1
1159,1,18,5,5,5,5
1160,3,2,3,12,12,12
1161,18,7,3,3,1,13
1162,2,3,12,12,18,2
1163,13,13,12,12,11,18
1164,1,2,12,12,12,12
1165,1,1,3,2,2,11
1166,5,5,5,5,12,1
1167,5,5,5,5,11,11
1168,1,1,2,2,18,2
1169,11,17,3,2,2,3
1170,5,5,18,5,5,12
1171,1,1,1,1,2,12
1172,1,12,17,13,2,17
1173,2,2,2,2,12,12
1174,5,5,5,5,15,15
1175,13,13,12,18,12,16
1176,1,1,18,18,11,18
1177,5,5,18,5,5,17
1178,1,1,5,5,5,18
1179,1,5,5,5,5,2
1180,13,12,7,18,12,12
1181,1,2,7,7,18,12
1182,1,1,5,5,5,5
1183,1,1,11,12,5,3
1184,1,12,18,5,5,5
1185,1,1,12,12,2,12
1186,1,11,12,1,17,2
1187,3,18,12,12,18,11
1188,18,3,1,1,17,18
1189,1,3,2,12,13,2
1190,1,1,2,12,12,12
1191,12,5,5,11,5,5
1192,1,1,11,11,2,2
1193,18,5,5,5,5,11
1194,1,1,3,12,5,5
1195,1,1,2,18,3,3
1196,1,1,12,2,12,2
1197,1,17,7,12,1,14
1198,12,13,2,2,2,2
1199,1,12,5,5,5,18
1200,5,5,5,5,5,5
1201,1,11,5,18,17,17
1202,1,1,3,12,3,11
1203,1,1,2,2,12,12
1204,1,1,2,12,12,12
1205,1,7,2,12,11,12
1206,1,3,2,3,2,11
1207,3,5,2,12,18,11
1208,5,5,5,5,5,18
1209,1,17,2,2,2,2
1210,1,1,2,2,2,11
1211,1,1,5,5,5,5
1212,1,12,12,12,12,12
1213,1,2,11,2,3,3
1214,11,14,2,2,2,2
1215,1,2,2,1,3,3
1216,1,3,18,2,2,11
1217,5,5,5,5,5,5
1218,11,15,11,2,13,13
1219,1,1,1,1,4,4
1220,7,1,2,11,12,12
1221,1,2,2,2,1,18
1222,1,11,7,7,12,12
1223,1,1,18,18,12,12
1224,11,18,7,18,18,18
1225,18,5,5,5,18,18
1226,1,1,13,13,13,11
1227,2,2,3,3,3,2
1228,1,5,5,5,5,2
1229,5,5,11,5,12,12
1230,5,5,5,5,2,2
1231,1,1,5,5,5,2
1232,5,5,5,5,5,5
1233,1,1,2,2,12,12
1234,18,5,1,1,12,12
1235,5,5,5,5,18,2
1236,18,18,12,3,12,12
1237,2,2,18,2,12,17
1238,1,2,2,11,12,2
1239,1,12,11,12,12,12
1240,5,5,5,5,5,5
1241,1,1,11,5,5,5
1242,1,1,12,12,13,13
1243,3,3,5,5,2,2
1244,1,13,12,12,11,12
1245,3,3,2,2,18,11
1246,1,1,11,5,5,5
1247,1,1,12,12,12,11
1248,1,11,2,11,2,3
1249,5,5,5,11,5,5
1250,3,1,1,1,12,3
1251,18,18,1,1,1,1
1252,5,5,5,5,7,2
1253,1,1,7,18,12,12
1254,1,5,11,5,5,5
1255,1,1,2,3,3,11
1256,2,2,18,14,7,11
1257,5,5,5,5,12,6
1258,18,7,12,12,3,7
1259,2,2,3,3,15,15
1260,13,13,11,11,18,11
1261,1,18,12,12,12,12
1262,2,3,7,7,13,11
1263,1,2,12,11,12,12
1264,11,3,12,12,2,1
1265,1,1,12,12,12,12
1266,1,2,15,15,11,15
1267,1,5,5,5,5,7
1268,1,12,12,12,12,1
1269,5,5,5,1,7,18
1270,1,1,2,1,5,5
1271,11,5,3,5,5,5
1272,1,7,12,12,5,5
1273,1,12,12,12,12,12
1274,1,1,11,12,12,12
1275,1,3,12,1,12,3
1276,18,5,5,5,5,18
1277,1,1,13,13,12,12
1278,5,5,5,5,5,18
1279,11,2,12,12,13,13
1280,1,7,2,7,3,11
1281,1,12,7,2,2,12
1282,12,5,5,5,5,5
1283,2,7,11,3,12,12
1284,1,1,3,1,12,18
1285,2,18,5,5,5,18
1286,1,11,2,2,3,11
1287,13,18,11,5,5,12
1288,1,2,2,3,1,2
1289,1,12,3,11,7,7
1290,5,5,5,5,2,2
1291,1,1,14,14,12,12
1292,3,3,2,12,2,2
1293,1,1,5,5,5,5
1294,11,2,11,2,2,2
1295,18,18,18,18,5,5
1296,3,3,3,3,3,3
1297,1,12,13,13,18,2
1298,11,5,11,5,5,5
1299,2,2,18,12,13,2
1300,1,12,7,7,18,12
1301,1,1,7,7,7,12
1302,1,18,5,5,12,12
1303,11,18,5,5,3,13
1304,1,1,5,5,12,5
1305,1,2,12,12,2,11
1306,5,5,5,5,18,11
1307,12,7,18,1,12,12
1308,1,1,7,7,2,2
1309,1,3,12,12,7,2
1310,11,7,12,12,12,11
1311,1,1,1,11,18,18
1312,1,5,5,11,7,18
1313,14,14,14,1,5,5
1314,18,5,5,5,14,11
1315,18,5,18,5,5,12
1316,5,5,5,5,5,5
1317,17,17,5,1,1,2
1318,1,2,12,3,18,2
1319,5,5,5,5,18,3
1320,12,5,5,2,2,2
1321,5,5,11,5,5,18
1322,2,2,11,12,2,1
1323,1,1,7,1,2,1
1324,12,12,1,1,1,1
1325,5,5,12,5,5,2
1326,2,2,12,3,12,12
1327,1,12,18,18,14,12
1328,12,12,12,5,5,18
1329,12,12,5,5,2,11
1330,1,1,2,3,12,18
1331,5,5,5,5,5,5
1332,18,5,5,5,5,3
1333,2,2,2,12,3,3
1334,12,1,1,1,11,18
1335,3,18,5,5,18,1
1336,18,12,1,13,18,18
1337,1,11,11,2,12,3
1338,1,1,12,2,12,12
1339,11,2,2,5,12,2
1340,5,4,12,11,2,2
1341,2,1,12,18,12,11
1342,1,11,2,2,2,2
1343,1,2,18,18,12,12
1344,6,5,5,5,5,2
1345,5,5,5,5,1,1
1346,1,1,2,1,5,5
1347,1,1,13,13,13,13
1348,1,7,2,12,12,12
1349,5,5,5,5,5,5
1350,1,5,5,5,5,5
1351,11,2,5,5,3,3
1352,3,3,2,3,3,3
1353,2,15,15,15,18,11
1354,1,8,12,12,12,12
1355,1,1,5,5,5,5
1356,5,5,5,5,11,12
1357,11,13,11,2,12,2
1358,5,5,5,5,5,12
1359,1,11,3,3,12,7
1360,5,1,5,5,18,11
1361,1,1,13,13,13,12
1362,3,5,5,5,11,3
1363,5,5,5,5,5,18
1364,3,12,11,3,3,2
1365,1,1,12,12,11,3
1366,1,1,3,13,13,13
1367,5,5,5,5,5,5
1368,8,8,12,2,11,11
1369,1,1,2,12,12,2
1370,17,5,11,5,2,12
1371,1,1,11,18,13,13
1372,1,1,12,18,2,11
1373,1,2,1,2,3,11
1374,1,1,12,12,12,3
1375,18,18,5,5,5,5
1376,18,12,11,12,12,2
1377,2,3,11,12,18,3
1378,1,5,5,5,5,13
1379,1,1,11,12,12,12
1380,2,3,1,2,12,11
1381,5,5,12,12,18,12
1382,18,2,11,2,2,2
1383,3,3,18,13,13,13
1384,1,11,3,3,18,12
1385,5,5,11,5,5,5
1386,1,1,5,5,5,5
1387,1,5,5,5,5,5
1388,1,1,2,7,12,12
1389,5,5,5,5,5,5
1390,5,5,5,5,5,5
1391,1,1,2,2,3,3
1392,2,3,13,3,12,11
1393,18,5,11,5,5,18
1394,1,11,1,1,2,12
1395,12,3,11,2,7,3
1396,1,2,18,2,2,3
1397,1,1,11,11,12,2
1398,18,18,5,5,5,5
1399,1,1,5,18,12,12
1400,2,2,12,12,18,7
1401,5,5,5,5,2,1
1402,5,5,18,2,12,2
1403,1,1,18,5,5,5
1404,5,5,5,5,5,18
1405,11,2,12,3,3,1
1406,5,5,5,5,5,11
1407,2,2,2,2,12,12
1408,5,5,5,5,5,5
1409,3,5,5,5,5,18
1410,18,5,12,2,5,5
1411,10,18,18,18,3,11
1412,5,5,5,5,3,3
1413,1,1,5,2,1,1
1414,1,1,2,12,12,12
1415,1,1,18,12,12,12
1416,1,1,5,11,5,5
1417,1,1,5,11,5,12
1418,12,12,2,2,2,11
1419,1,1,2,2,2,12
1420,1,1,11,5,5,5
1421,1,1,18,13,1,18
1422,1,1,2,2,18,2
1423,1,1,7,18,12,12
1424,2,3,2,3,3,12
1425,1,3,11,5,5,5
1426,12,3,2,11,3,3
1427,18,5,3,3,12,2
1428,11,2,2,2,2,2
1429,5,5,5,5,18,3
1430,1,16,12,12,5,5
1431,1,18,5,5,5,5
1432,1,14,12,12,18,12
1433,2,3,12,12,2,11
1434,1,5,5,5,12,18
1435,17,18,12,12,7,12
1436,1,5,13,5,5,5
1437,18,15,11,12,2,12
1438,18,5,5,5,5,5
1439,18,5,5,11,5,3
1440,1,1,18,18,5,2
1441,5,5,5,5,18,15
1442,14,14,17,17,2,2
1443,1,1,1,1,5,5
1444,18,5,11,5,5,12
1445,5,5,5,5,5,11
1446,5,5,5,5,2,3
1447,12,2,2,2,7,12
1448,13,2,12,12,11,12
1449,1,12,2,12,11,3
1450,18,18,1,12,12,12
1451,1,1,12,2,18,7
1452,11,5,5,5,18,11
1453,1,1,12,1,1,1
1454,12,11,18,5,5,12
1455,17,5,5,5,12,12
1456,3,5,5,5,5,3
1457,18,7,2,2,2,11
1458,6,6,5,5,5,6
1459,5,5,5,5,5,18
1460,5,18,18,12,2,2
1461,1,1,12,1,2,11
1462,3,12,2,2,2,2
1463,2,1,18,7,12,1
1464,1,5,5,5,5,5
1465,5,5,5,5,5,5
1466,3,3,3,3,7,11
1467,1,12,7,18,12,12
1468,13,1,5,5,5,18
1469,5,5,5,5,2,12
1470,2,18,12,13,13,18
1471,5,5,5,5,5,13
1472,1,1,3,3,3,2
1473,3,3,3,18,11,7
1474,5,5,5,5,5,12
1475,5,5,12,5,12,1
1476,1,5,11,18,12,12
1477,1,11,11,2,2,11
1478,12,12,11,11,11,11
1479,5,5,3,12,12,12
1480,12,12,5,5,5,5
1481,1,18,5,5,5,5
1482,18,18,18,12,2,17
1483,5,1,1,1,18,12
1484,2,2,7,7,2,2
1485,18,2,2,18,3,2
1486,1,5,5,5,11,18
1487,2,2,2,12,12,12
1488,12,17,5,12,18,17
1489,13,13,11,2,3,18
1490,1,1,1,1,18,18
1491,5,5,5,5,5,5
1492,1,11,18,2,18,12
1493,2,5,5,5,5,18
1494,5,5,5,5,5,2
1495,1,11,12,12,12,11
1496,1,1,11,7,7,7
1497,1,1,3,4,12,12
1498,1,1,11,2,2,2
1499,1,1,18,5,5,5
1500,2,18,3,18,7,18
1501,11,5,5,5,5,2
1502,1,1,12,12,5,2
1503,2,12,2,12,12,12
1504,1,16,18,12,12,12
1505,5,5,5,5,2,3
1506,1,2,11,1,7,7
1507,5,5,5,5,2,2
1508,1,1,12,11,12,12
1509,1,1,12,12,12,12
1510,1,18,11,5,5,5
1511,2,1,2,1,18,12
1512,1,1,13,11,3,18
1513,1,1,12,3,3,2
1514,1,11,12,12,2,12
1515,1,3,18,18,12,12
1516,1,1,1,12,5,5
1517,1,12,12,12,12,12
1518,5,5,5,5,1,2
1519,5,5,13,5,18,11
1520,1,1,5,5,5,5
1521,1,18,4,4,12,12
1522,5,5,11,5,5,11
1523,13,13,18,18,3,3
1524,6,6,6,6,6,12
1525,5,5,18,5,5,3
1526,1,2,12,12,11,2
1527,18,5,5,5,3,12
1528,1,1,12,12,12,12
1529,5,5,5,5,13,13
1530,1,5,5,5,5,18
1531,1,11,15,15,18,18
1532,2,2,12,12,18,18
1533,3,3,3,3,3,3
1534,1,12,12,12,12,12
1535,1,1,12,12,1,12
1536,1,13,18,2,12,12
1537,1,2,3,3,11,11
1538,3,3,18,13,13,13
1539,17,18,11,3,12,11
1540,5,5,5,18,2,11
1541,2,3,3,3,7,11
1542,1,7,7,12,12,12
1543,18,18,12,12,12,12
1544,5,5,5,5,5,5
1545,5,5,5,5,5,5
1546,5,5,5,11,18,5
1547,1,1,12,2,12,12
1548,1,11,12,2,2,2
1549,3,3,6,6,13,18
1550,1,1,12,12,12,7
1551,2,3,18,18,18,3
1552,5,5,11,5,5,13
1553,18,5,5,5,12,12
1554,12,5,5,5,2,18
1555,5,5,5,5,12,13
1556,18,12,15,15,12,12
1557,2,2,12,12,7,2
1558,1,15,15,15,15,1
1559,11,5,5,5,5,2
1560,11,1,12,2,2,2
1561,1,11,12,1,1,12
1562,5,5,18,5,5,5
1563,1,18,5,18,5,5
1564,5,5,5,11,5,5
1565,2,12,12,12,12,18
1566,3,5,13,5,5,18
1567,2,2,2,5,2,2
1568,5,5,5,5,18,17
1569,18,14,1,1,1,1
1570,1,1,12,12,12,12
1571,1,1,11,12,7,2
1572,1,5,5,2,2,2
1573,1,7,2,2,2,2
1574,14,14,7,12,12,2
1575,5,5,5,5,5,5
1576,6,6,3,6,18,11
1577,1,5,5,5,5,5
1578,11,12,1,2,5,5
1579,1,1,12,12,12,12
1580,5,5,5,2,18,3
1581,2,2,11,12,2,12
1582,1,1,2,2,18,18
1583,12,12,4,4,13,13
1584,2,18,5,5,7,7
1585,1,1,12,13,12,12
1586,5,5,5,5,5,5
1587,1,5,5,5,5,5
1588,1,1,9,9,1,7
1589,5,5,5,5,18,18
1590,1,1,4,2,5,5
1591,4,18,11,5,18,18
1592,1,2,18,11,7,18
1593,18,2,18,18,12,2
1594,5,5,3,2,5,5
1595,1,5,2,12,12,5
1596,1,1,12,12,12,2
1597,15,15,15,15,15,15
1598,5,5,5,5,18,3
1599,5,5,7,18,12,7
1600,3,2,7,7,18,11
1601,1,12,12,12,12,3
1602,2,6,2,2,2,3
1603,1,1,12,12,2,3
1604,3,12,2,3,3,3
1605,3,2,2,1,2,3
1606,5,5,5,5,3,11
1607,3,3,3,2,2,2
1608,5,5,5,5,5,1
1609,6,6,18,17,2,15
1610,12,2,11,11,2,12
1611,1,1,3,2,13,13
1612,5,5,2,2,2,2
1613,1,4,4,4,2,12
1614,18,12,2,2,2,12
1615,13,13,13,13,13,13
1616,5,5,5,5,5,5
1617,5,5,5,5,5,5
1618,18,1,1,1,13,13
1619,1,12,5,5,5,5
1620,1,11,12,12,17,11
1621,2,2,18,2,2,3
1622,2,2,2,2,3,12
1623,1,2,11,2,1,18
1624,5,5,5,5,5,5
1625,1,1,3,3,1,2
1626,1,1,12,12,14,14
1627,1,1,12,12,12,12
1628,1,1,13,18,7,7
1629,5,5,5,5,5,5
1630,2,2,2,3,3,2
1631,1,7,7,11,12,12
1632,1,1,2,2,11,11
1633,3,18,12,2,2,2
1634,5,5,5,5,5,5
1635,5,5,5,5,5,5
1636,1,1,11,12,2,2
1637,1,1,5,5,5,5
1638,2,2,2,2,12,12
1639,1,1,12,2,12,18
1640,5,5,11,5,5,11
1641,2,2,17,17,17,11
1642,5,5,5,5,8,12
1643,1,1,3,13,12,2
1644,1,1,12,5,5,5
1645,5,5,5,16,5,5
1646,11,1,12,12,18,2
1647,3,11,7,2,3,3
1648,7,2,18,16,11,15
1649,1,1,5,5,3,2
1650,1,2,11,18,3,18
1651,5,5,5,5,12,12
1652,1,1,12,12,12,12
1653,5,5,5,5,5,5
1654,3,7,12,17,5,18
1655,5,5,5,5,5,5
1656,1,5,5,5,5,5
1657,5,5,11,5,18,12
1658,1,1,5,5,11,12
1659,5,5,5,2,2,11
1660,5,5,5,18,5,12
1661,12,18,12,12,12,12
1662,1,1,5,5,5,5
1663,17,14,2,2,3,3
1664,1,1,5,1,18,18
1665,1,7,5,5,11,11
1666,5,5,5,12,5,5
1667,13,13,18,9,13,13
1668,1,1,3,7,12,12
1669,17,14,11,1,12,12
1670,5,5,11,5,18,18
1671,1,1,2,11,7,7
1672,11,18,2,2,12,12
1673,18,5,5,3,1,2
1674,1,12,13,11,3,7
1675,5,5,5,5,11,3
1676,12,12,12,12,12,12
1677,18,6,6,6,12,12
1678,1,1,7,7,12,12
1679,1,1,6,6,1,12
1680,1,1,1,1,2,12
1681,1,1,18,18,12,12
1682,1,1,5,5,5,18
1683,1,1,2,12,12,12
1684,3,13,11,12,2,12
1685,3,18,7,2,4,18
1686,1,3,5,18,15,7
1687,5,5,18,12,11,18
1688,1,5,5,5,5,5
1689,5,5,5,12,12,12
1690,11,5,2,5,5,13
1691,3,3,3,3,3,18
1692,5,11,5,5,18,12
1693,18,11,11,12,18,7
1694,2,18,1,2,15,18
1695,5,5,5,5,12,12
1696,1,5,5,5,5,2
1697,2,2,6,17,7,2
1698,6,6,6,6,17,12
1699,1,2,18,18,2,12
1700,3,2,3,3,7,7
1701,5,5,5,5,2,11
1702,3,3,2,2,2,11
1703,5,5,5,3,2,3
1704,13,13,13,13,13,13
1705,12,11,12,12,12,12
1706,18,2,2,2,12,12
1707,1,17,15,15,15,18
1708,11,12,2,2,11,3
1709,17,5,5,12,2,2
1710,1,5,12,5,5,18
1711,1,1,2,2,1,1
1712,17,3,2,11,12,12
1713,1,1,1,1,12,11
1714,1,1,18,1,12,12
1715,5,5,5,5,5,5
1716,1,5,5,5,5,11
1717,5,5,5,5,18,2
1718,15,3,6,6,2,11
1719,5,5,5,5,18,12
1720,1,1,1,1,5,5
1721,1,1,2,12,12,12
1722,5,5,5,5,5,5
1723,5,5,12,5,5,11
1724,2,2,2,2,2,2
1725,3,3,3,12,3,3
1726,1,18,13,13,18,18
1727,5,5,12,5,12,12
1728,5,5,5,5,3,17
1729,1,1,3,12,12,12
1730,2,2,2,5,5,11
1731,18,5,5,5,5,18
1732,1,12,12,12,1,1
1733,1,14,5,18,2,14
1734,1,1,2,7,5,5
1735,1,1,12,12,12,12
1736,5,5,5,5,5,13
1737,1,11,12,12,1,18
1738,18,5,5,5,2,3
1739,1,18,2,2,12,13
1740,12,18,5,5,5,3
1741,1,2,12,12,12,12
1742,18,5,5,5,5,5
1743,1,2,2,2,12,11
1744,1,1,5,5,5,2
1745,12,11,2,11,3,3
1746,1,2,5,5,18,16
1747,1,18,6,18,2,11
1748,1,1,15,15,1,2
1749,5,5,11,5,5,18
1750,1,1,2,12,12,17
1751,5,5,5,5,5,5
1752,1,13,12,2,12,2
1753,1,11,15,15,12,12
1754,2,2,2,2,12,12
1755,1,1,18,18,11,7
1756,1,18,5,5,2,2
1757,1,18,2,2,2,2
1758,1,1,11,1,1,18
1759,1,1,3,11,18,11
1760,1,1,12,12,1,1
1761,7,7,12,12,2,12
1762,1,18,5,5,5,5
1763,2,3,3,2,2,12
1764,1,1,18,12,11,18
1765,1,1,2,2,2,2
1766,2,18,1,1,12,18
1767,1,7,15,15,15,15
1768,1,5,5,18,5,5
1769,18,18,5,5,18,18
1770,1,1,14,14,7,7
1771,2,11,3,3,12,12
1772,5,18,12,12,12,12
1773,5,5,11,5,5,5
1774,1,2,3,11,2,12
1775,1,1,1,1,1,3
1776,1,2,11,7,12,12
1777,5,5,1,5,5,2
1778,1,11,7,7,12,16
1779,17,1,11,5,8,8
1780,5,5,5,5,18,7
1781,1,1,18,12,11,13
1782,5,5,5,5,12,11
1783,1,12,12,12,12,12
1784,1,1,2,3,12,2
1785,2,5,11,5,5,3
1786,1,5,5,5,5,5
1787,1,1,1,1,1,11
1788,18,5,5,5,12,16
1789,2,18,12,13,13,7
1790,3,1,11,5,2,2
1791,5,5,5,5,12,12
1792,1,2,18,7,7,7
1793,18,5,5,5,2,18
1794,1,12,12,12,12,4
1795,1,1,12,1,11,12
1796,5,5,11,5,12,2
1797,1,1,3,3,3,3
1798,11,3,3,5,13,11
1799,1,1,12,12,2,12
1800,1,12,5,5,5,18
1801,11,11,2,12,12,12
1802,5,5,5,5,1,18
1803,1,1,12,12,18,2
1804,1,12,18,12,12,12
1805,1,1,2,11,2,18
1806,1,1,11,2,12,11
1807,1,5,5,8,8,11
1808,12,12,7,12,12,12
1809,5,5,5,5,5,5
1810,2,18,13,13,13,12
1811,1,1,18,7,7,2
1812,2,2,2,2,2,18
1813,12,11,5,5,5,12
1814,5,5,5,11,18,2
1815,5,5,5,5,2,11
1816,18,5,5,5,5,5
1817,1,2,18,7,2,18
1818,5,5,5,5,18,18
1819,13,13,2,1,13,13
1820,5,5,11,5,5,18
1821,5,5,5,5,2,2
1822,2,2,12,12,2,3
1823,11,2,3,12,18,11
1824,5,5,5,5,3,3
1825,1,1,7,7,12,12
1826,1,3,2,3,12,3
1827,5,5,5,5,2,12
1828,2,11,14,14,12,11
1829,1,1,1,1,5,5
1830,5,5,5,5,18,3
1831,18,15,18,14,2,3
1832,2,4,4,4,2,18
1833,3,5,5,5,5,7
1834,1,1,3,12,18,11
1835,1,1,1,5,5,5
1836,5,5,5,5,5,5
1837,3,3,3,12,2,2
1838,1,11,18,11,12,12
1839,1,1,3,18,13,12
1840,12,12,7,7,18,2
1841,5,5,12,5,5,5
1842,1,11,3,18,18,7
1843,18,18,18,18,18,18
1844,1,3,3,7,12,12
1845,12,2,12,12,18,2
1846,1,18,10,11,18,6
1847,5,5,2,1,12,12
1848,5,5,5,5,18,1
1849,1,1,18,5,5,12
1850,1,1,2,2,2,2
1851,18,5,5,5,5,5
1852,1,1,12,2,7,7
1853,5,5,5,5,5,7
1854,1,2,2,2,12,12
1855,5,5,1,5,5,2
1856,2,2,12,13,11,12
1857,2,7,2,1,3,2
1858,1,1,12,12,12,12
1859,1,1,1,1,12,12
1860,11,5,5,5,5,18
1861,1,2,12,12,11,11
1862,1,1,14,18,5,5
1863,1,11,3,2,2,2
1864,5,5,5,5,11,1
1865,12,11,7,2,13,2
1866,18,5,11,5,2,12
1867,18,18,2,2,2,2
1868,1,1,2,12,12,12
1869,12,3,13,12,3,3
1870,1,5,12,12,5,15
1871,2,12,12,3,7,2
1872,11,2,2,2,2,11
1873,1,2,2,2,12,11
1874,5,5,5,5,3,18
1875,1,1,12,12,7,2
1876,2,12,1,16,11,18
1877,2,2,2,3,18,11
1878,1,1,7,2,12,12
1879,2,2,2,3,7,12
1880,13,13,12,18,2,2
1881,1,11,11,11,18,7
1882,1,1,12,12,13,11
1883,1,1,2,2,12,12
1884,12,12,6,6,2,11
1885,12,12,12,1,2,18
1886,1,12,5,5,5,5
1887,1,11,7,18,12,2
1888,11,12,12,12,1,1
1889,3,1,18,3,18,12
1890,1,1,2,2,12,11
1891,1,6,2,2,12,2
1892,12,2,11,7,12,12
1893,5,5,11,5,5,5
1894,1,5,12,18,12,18
1895,1,3,18,5,5,5
1896,12,12,12,2,12,12
1897,1,12,11,12,1,12
1898,1,1,1,18,18,12
1899,2,3,11,3,3,3
1900,17,15,1,3,3,11
1901,1,1,2,12,12,12
1902,1,11,18,7,12,12
1903,2,2,12,12,11,12
1904,1,1,5,5,5,5
1905,1,1,11,7,12,12
1906,1,1,12,12,18,11
1907,1,1,12,12,12,12
1908,1,11,2,2,1,18
1909,13,2,11,2,16,11
1910,1,1,11,12,13,12
1911,3,11,14,14,2,2
1912,1,2,18,7,1,2
1913,1,1,5,5,5,18
1914,1,1,12,12,12,12
1915,5,5,5,5,13,13
1916,1,1,11,12,7,18
1917,5,5,12,12,13,13
1918,5,5,5,5,12,12
1919,3,3,11,2,13,2
1920,1,3,5,12,2,11
1921,1,1,2,2,12,12
1922,18,7,12,12,12,12
1923,2,2,12,18,12,18
1924,1,1,7,7,7,7
1925,1,1,18,12,2,11
1926,18,5,5,5,5,2
1927,3,3,11,7,11,3
1928,18,6,6,6,6,18
1929,1,5,5,5,18,6
1930,5,5,5,5,5,5
1931,1,12,12,12,12,12
1932,2,1,1,1,2,1
1933,18,5,11,5,5,5
1934,3,3,2,12,12,12
1935,1,1,18,2,2,1
1936,1,2,11,12,2,2
1937,5,18,5,5,5,18
1938,1,1,1,18,5,5
1939,18,18,4,4,4,18
1940,1,1,12,12,12,11
1941,13,18,12,18,3,18
1942,1,1,5,5,12,12
1943,5,5,5,5,5,5
1944,1,11,3,7,2,3
1945,1,1,2,18,5,5
1946,1,18,5,5,5,18
1947,1,1,1,2,3,12
1948,1,1,12,12,12,12
1949,1,12,7,7,12,2
1950,2,1,12,12,18,2
1951,3,18,3,12,3,2
1952,1,2,2,3,18,12
1953,12,7,12,1,18,2
1954,5,5,5,5,6,6
1955,1,1,13,13,12,1
1956,11,7,18,5,18,11
1957,1,5,11,5,5,3
1958,5,5,5,5,11,12
1959,1,1,11,2,12,12
1960,1,6,5,5,1,2
1961,1,1,12,12,12,12
1962,1,1,2,2,12,12
1963,5,5,5,5,3,13
1964,1,1,12,12,12,12
1965,5,5,5,12,1,1
1966,1,1,7,18,12,12
1967,1,12,12,12,18,12
1968,1,5,5,11,12,12
1969,5,5,5,5,5,11
1970,11,5,12,12,5,5
1971,1,1,12,12,12,12
1972,3,3,18,11,12,11
1973,5,5,5,5,5,5
1974,1,1,14,14,2,12
1975,1,5,7,5,5,5
1976,1,1,2,2,2,12
1977,18,5,5,5,5,3
1978,1,1,11,12,13,2
1979,18,5,5,5,5,18
1980,13,13,11,12,11,18
1981,2,2,2,2,11,1
1982,5,5,11,5,12,12
1983,12,12,1,18,15,15
1984,5,5,5,5,5,18
1985,1,2,12,6,6,6
1986,2,2,3,3,2,2
1987,2,2,2,1,5,5
1988,7,12,7,7,12,18
1989,1,1,2,12,3,3
1990,8,2,17,17,2,2
1991,7,7,18,18,2,2
1992,2,2,12,7,18,11
1993,1,1,2,2,3,3
1994,18,5,16,5,7,7
1995,1,2,7,18,7,7
1996,2,2,1,1,1,1
1997,1,1,18,18,12,12
1998,3,3,1,1,12,11
1999,12,3,1,12,2,2
2000,3,3,2,3,3,3
2001,1,1,11,18,3,11
2002,1,1,5,5,5,5
2003,1,2,2,2,2,11
2004,2,2,2,2,2,11
2005,18,2,11,7,2,17
2006,1,1,2,2,12,12
2007,12,18,2,12,12,12
2008,18,5,11,12,5,18
2009,18,5,5,5,2,18
2010,1,11,4,4,4,4
2011,5,5,5,5,5,18
2012,1,1,12,12,12,12
2013,12,12,2,2,12,12
2014,1,1,11,3,2,11
2015,18,5,5,18,2,11
2016,12,12,12,12,12,12
2017,2,1,2,17,3,2
2018,1,6,12,12,1,1
2019,1,1,18,11,18,12
2020,12,1,1,1,18,5
2021,18,5,11,5,5,11
2022,1,3,7,7,2,2
2023,12,12,11,7,1,11
2024,18,5,18,5,3,3
2025,5,5,5,5,2,3
2026,5,5,5,5,2,12
2027,5,5,1,1,1,1
2028,1,3,2,3,3,3
2029,1,1,1,1,5,5
2030,1,1,5,5,18,12
2031,1,1,1,11,12,12
2032,5,5,11,5,2,2
2033,5,5,5,5,18,18
2034,17,17,3,3,7,11
2035,18,8,15,15,2,2
2036,18,5,11,5,18,11
2037,1,1,2,1,5,5
2038,1,1,13,13,12,12
2039,1,11,2,12,18,18
2040,8,8,18,12,14,12
2041,5,5,5,5,11,1
2042,1,1,12,12,12,2
2043,1,1,3,2,7,1
2044,3,18,5,5,5,3
2045,12,12,12,12,2,2
2046,5,5,5,5,1,1
2047,5,5,2,5,5,12
2048,1,5,18,18,4,4
2049,1,12,7,2,2,2
2050,5,5,13,5,5,11
2051,1,5,5,5,5,5
2052,5,5,5,5,2,11
2053,2,2,3,3,11,3
2054,5,5,2,5,5,2
2055,1,3,11,12,18,11
2056,5,5,5,5,2,12
2057,5,18,5,5,12,12
2058,1,1,8,7,12,12
2059,1,2,2,2,2,2
2060,2,2,12,12,12,12
2061,1,12,11,1,2,2
2062,1,1,12,2,12,12
2063,1,1,12,12,6,18
2064,1,1,1,3,1,5
2065,1,1,18,18,5,5
2066,5,5,5,5,2,11
2067,5,5,5,5,7,12
2068,3,2,1,1,2,2
2069,1,1,17,11,12,12
2070,1,18,11,2,2,12
2071,5,5,5,5,12,5
2072,1,11,2,11,12,12
2073,3,3,3,18,3,3
2074,7,7,12,16,16,2
2075,1,11,5,5,2,2
2076,12,12,11,12,14,14
2077,1,1,12,12,12,12
2078,5,5,5,5,16,12
2079,11,11,2,2,2,2
2080,1,1,8,8,18,12
2081,1,1,12,12,12,12
2082,2,1,12,12,2,2
2083,1,1,2,2,2,2
2084,1,11,13,1,11,12
2085,5,5,5,5,7,11
2086,1,2,1,1,3,2
2087,1,5,5,5,12,7
2088,1,1,12,16,2,12
2089,11,2,11,2,18,2
2090,1,1,7,7,7,7
2091,1,1,5,5,18,18
2092,17,5,5,2,12,11
2093,1,2,12,12,12,12